<?xml version="1.0" encoding="UTF-8"?>
<configuration>
    <conversionRule conversionWord="highlightex" converterClass="com.cts.training.logback.HighlightingCompositeConverterEx" />
    <appender name="STDOUT" class="ch.qos.logback.core.ConsoleAppender">
<!--        <withJansi>true</withJansi>-->
        <encoder>
            <pattern>%d{dd/MM/YYYY HH:mm:ss.SSS} [%thread] %highlightex(%-5level) %logger{15} - %highlightex(%msg) %n</pattern>
        </encoder>
    </appender>

    <root level="debug">
        <appender-ref ref="STDOUT"/>
    </root>
</configuration>