<?xml version="1.0" encoding="UTF-8"?>
<project xmlns="http://maven.apache.org/POM/4.0.0" xmlns:xsi="http://www.w3.org/2001/XMLSchema-instance" xsi:schemaLocation="http://maven.apache.org/POM/4.0.0 http://maven.apache.org/maven-v4_0_0.xsd">
  <modelVersion>4.0.0</modelVersion>
  <groupId>com.cts.training</groupId>
  <artifactId>spring-jdbc-demo</artifactId>
  <version>1.0-SNAPSHOT</version>
  <build>
    <plugins>
      <plugin>
        <artifactId>maven-compiler-plugin</artifactId>
        <version>3.8.0</version>
        <configuration>
          <release>11</release>
        </configuration>
      </plugin>
      <plugin>
        <artifactId>maven-shade-plugin</artifactId>
        <version>3.2.4</version>
        <executions>
          <execution>
            <phase>package</phase>
            <goals>
              <goal>shade</goal>
            </goals>
            <configuration>
              <transformers>
                <transformer>
                  <mainClass>com.cts.training.Application</mainClass>
                </transformer>
              </transformers>
            </configuration>
          </execution>
        </executions>
      </plugin>
    </plugins>
  </build>
  <dependencies>
    <dependency>
      <groupId>aspectj</groupId>
      <artifactId>aspectjrt</artifactId>
      <version>1.5.4</version>
      <scope>compile</scope>
    </dependency>
  </dependencies>
  <properties>
    <java.version>11</java.version>
    <project.build.sourceEncoding>UTF-8</project.build.sourceEncoding>
    <spring.version>5.2.0.RELEASE</spring.version>
    <aspectj.version>1.9.6</aspectj.version>
  </properties>
</project>
